{"cameraMode":{"drawMode":0,"name":"Shaded","section":"Shading Mode"},"sceneLighting":true,"audioPlay":false,"sceneViewState":{"m_AlwaysRefresh":false,"showFog":true,"showSkybox":true,"showFlares":true,"showImageEffects":true,"showParticleSystems":true,"showVisualEffectGraphs":true,"m_FxEnabled":true},"in2DMode":false,"pivot":{"x":-23.720977783203126,"y":6.507631778717041,"z":-14.234524726867676},"rotation":{"x":0.10689938068389893,"y":-0.8758490681648254,"z":0.22719906270503999,"w":0.4121128022670746},"size":2.0615527629852297,"orthographic":false}